1015308514,"Cherish Jerish Allen",cherish.j.allen@facebook.com
1196222533,"Mohmed Al Amawy",mohmedalamawy@facebook.com
100003599212239,"Rebecca Houiellebecq",rebecca.houiellebecq@facebook.com
510513757,"Silvia Perez-zamacona",silvia.perezzamacona@facebook.com
100003812256867,"Nicky Mummyofmygirls Mcmanus",nickymummyofmygirls.mcmanus@facebook.com
100001456590014,"Bailee-jo Owen",baileejo.owen@facebook.com
100000740205553,"Yongbu Demian Jeong",yongbu.jeong@facebook.com
100001567486876,"Diana Fidalgo Roque",diana.sda@facebook.com
564479772,"Talita Fontany",talita.fontany@facebook.com
696076991,"Lesley Michie",lesley.michie.1@facebook.com
670218685,"Büşra Tufan",busra.tufan.56@facebook.com
758155576,"Jade Koemans",jade.koemans@facebook.com
100001128185568,"Riley King",LovesRachell@facebook.com
100002571005764,"Dee Dollin",dee.dollin@facebook.com
100003150060931,"Lucie Payne",lucie.payne2@facebook.com
100002608587645,"Saima Yasin",saima.yasin.16@facebook.com
100001857704770,"Lucy Burford",lucy.burford.ledley1@facebook.com
1111123436,"Louise Gourlay",louise.gourlay.14@facebook.com
610821429,"Sthr VD",evicentd@facebook.com
673625604,"James Ford-Hathaway",kiwiav8er@facebook.com
100003788714046,"Bekk Grvi",bekk.grvi@facebook.com
100002421215172,"Julie Tugwell",julie.tugwell.3@facebook.com
692321814,"Kaja Moen",kaja.moen.5@facebook.com
100001321145189,"Максим Вараксин",mvaraksin@facebook.com
1297806477,"Che Abdullah",chezulkhairi.abdullah@facebook.com
867730596,"Rebecca Worth",beciworth@facebook.com
588905283,"Heather Turnbull",turnheath@facebook.com
100001935750930,"Myriam Dandonneau Battenini",myriam.dandonneaubattenini@facebook.com
1491020194,"Layla Alhargan",layla.alhargan@facebook.com
524051428,"Emma Dormer",emma.stirk@facebook.com
572806627,"Jackie 'Jax' Gibbins",jackiejax.gibbins@facebook.com
615960310,"Jo Addison",jo.addison.33@facebook.com
654331322,"Clare Maclean",clare.maclean@facebook.com
100001230454120,"Murad Kamolov",mkamolov@facebook.com
100001587670644,"Tomas Radovic",tomas.radovic@facebook.com
100000086891023,"Bernadette Jolly Dunn",bernadette.j.dunn@facebook.com
575225367,"Susannah Boughtflower",Daintysue@facebook.com
1469420645,"Jill Chadwick",jill.chadwick@facebook.com
516802817,"Sarah Barry",sarah.barry.71@facebook.com
617395399,"Carla Hussey",carla.hussey.961@facebook.com
100005735882984,"Nilüfer Çam",nilufer.orlu.3@facebook.com
1455762262,"Beebee Nasreen Bocus",beebeenasreen.bocus@facebook.com
100002951233262,"Scott Robinson",firemanrobinson@facebook.com
1360538927,"Sarah Windle",sarah.windle.54@facebook.com
100000694106732,"Nana Yaa Kissiwa",yaakiss@facebook.com
731691756,"Sevie Minkova Sladkarova",sevies@facebook.com
100002133007020,"Iain Nufc Archer",iain.archer.9@facebook.com
786653079,"Vanessa Earle",ness1e.uk@facebook.com
1588187626,"Helen Lloyd",helen.lloyd.750@facebook.com
640275708,"Kirsten Maher",kirstscot@facebook.com
1244826423,"Dana Williamson",dana.williamson8470@facebook.com
1745358246,"Julie Bull",julie.bull.100@facebook.com
100002832564702,"Yvonne Clark",yvonne.clark.921@facebook.com
1077090567,"Alison Binnie",alison.binnie.7@facebook.com
100003208537229,"Alison Aspin",alison.aspin.1@facebook.com
100002830157555,"Stewart Falls Smith",stewartfalls.smith@facebook.com
100000179689784,"Michele Longburn",michele.longburn@facebook.com
1204146256,"Marie Batty",marie.batty1@facebook.com
1248009071,"Chris Pugh",chris.pugh.50@facebook.com
1320696266,"Kevin Pannell",kevin.pannell.16@facebook.com
1485177771,"Marie-Paule Loye-Praz",Marie.loye@facebook.com
1345657593,"Laura Clarke",laura.clarke.906638@facebook.com
1518247138,"Rona Peddie",rona.peddie@facebook.com
610481551,"Jonathan Steeden",jonathan.steeden.7@facebook.com
621846769,"David Diep",david.diep.92754@facebook.com
100002796580683,"Marrie Holmwood-Hogendoorn",marrie.holmwoodhogendoorn@facebook.com
1482884431,"Dini Dubber",dini.dubber@facebook.com
100001695703281,"Federica Benzi",federica.benzi.7@facebook.com
558450208,"Colleen Paeff",colleen.paeff@facebook.com
686655465,"Lorna Ferguson",lorna.ferguson.982@facebook.com
723614037,"Lisa Cochrane",lisa.cochrane.18@facebook.com
100004444440407,"Rainy Williamson",rainy.williamson@facebook.com
605957353,"Jean Edgar",jean.edgar1@facebook.com
100002013949619,"Aly McCandless Potts",alypotts@facebook.com
100001138928168,"Rena Wallace McCaffery",rena.mccaffery@facebook.com
100000362064535,"Artur Barroso",artur.barroso.3@facebook.com
808120511,"Laura Oliphant",laura.oliphant@facebook.com
1236410450,"Graham Gordon",biker1967@facebook.com
528238309,"Frances 'Sunset' Walton",frances.s.walton@facebook.com
548662300,"Mona La Cour Sorensen",mona.l.sorensen@facebook.com
597436415,"Inga de Ruiter",inga.deruiter@facebook.com
1597291160,"Anthony Armstrong",anthony.armstrong.503@facebook.com
1140030206,"Jim Perren",jimperren@facebook.com
100000389446030,"Michelle Cardosa",michelle.potts.9828@facebook.com
626643078,"Christina Simone Mathews",christina.s.mathews@facebook.com
1290367007,"Laura Fausti",laura.fausti.9@facebook.com
714607837,"Lisa Friberg",lisa.friberg.5@facebook.com
648769641,"Karen Routh",ladykat66@facebook.com
1163614448,"Anji Doyle",anji.doyle@facebook.com
100002196976842,"Glyn Jones",L2WYD@facebook.com
662537077,"Gav Goulder",gav.goulder@facebook.com
771997170,"Caryn Coyle",caryn.coyle1@facebook.com
701392537,"Jon Hollins",jonhollins@facebook.com
793709222,"Clare Harford",clare.harford@facebook.com
1349700849,"Mike Ryan",mike.ryan.5623@facebook.com
1466571732,"Suzanne Berggren",suzanne.berggren@facebook.com
1252207690,"Laurence Inwood",laurence.inwood@facebook.com
100002760614591,"Tracy Todd",tracy.todd.58@facebook.com
568411753,"Jo Gleeson",jo.gleeson@facebook.com
681743141,"Carolyn Jenkins Venter",carolyn.jenkinsventer@facebook.com
1035130973,"Cris Monteiro",cristina.monteiro.982@facebook.com
100002156174534,"Mark Scotchbrook",mark.scotchbrook@facebook.com
1431555447,"Will Neasham",william.f.neasham@facebook.com
1465279588,"Andrea C Williams",andreacw1@facebook.com
1112610628,"Jim Gleeson",jim.gleeson.96@facebook.com
1103144962,"Melanie Connolly",melanie.connolly.5@facebook.com
100002153602961,"Maha Ismael",maha.ismael1@facebook.com
1267044607,"Susie Burnett",susie.burnett1@facebook.com
1361915515,"Martha Blake Linhares",mblinhares@facebook.com
522435868,"Michelle Crellin",michelle.crellin@facebook.com
1065922982,"Lidija Mitrovic",lidija.md@facebook.com
100003307363924,"Salli Lord",salli.lord@facebook.com
1267982314,"Helen Harrison",helen.harrison.5268@facebook.com
100001251064207,"Stanislava Halozan",stanislava.halozan@facebook.com
1637730762,"Karl Perera",karlperera1@facebook.com
1092173536,"Steve White",sawhite198@facebook.com
752346132,"Karen Vaughan",karen.vaughan.3766@facebook.com
100002886021034,"Jagoda Begović",jagoda.begovic@facebook.com
1844658125,"Robin Gibson",robert.gibson.5249@facebook.com
597972334,"Valerie Reid",foxxy007@facebook.com
100000532814769,"Rafael Sierra",rafael.sierraperez@facebook.com
1613390784,"Giampaolo Frongia",giampaolo.frongia@facebook.com
663025913,"Yvonne Rose",yvonne.rose.1441@facebook.com
100002531022644,"Jill Timmins",jill.timmins.90@facebook.com
1614857319,"Lesley Azeez Was Tudor",lesley.azeezwastudor@facebook.com
665426362,"Dawn Lawton",dawn.lawton.33@facebook.com
650974429,"Serap Aksu Sağdıç",sello.eng@facebook.com
682504026,"Jill Le Jeune",jilllejeune@facebook.com
1352840038,"Annemieke van Eijkeren",Little.Wing.Medium.and.Spiritguide@facebook.com
541723208,"Liz Wilson",wilsonecm@facebook.com
1481863807,"Santina Grant",santinag1@facebook.com
1012874233,"Subhanki Sivabalasothy",sivabalasothy.veluppillai@facebook.com
100001202567376,"Tina Manson",tina.manson.94@facebook.com
730307112,"Geert Schellekens",geertjan.schellekens@facebook.com
1133224824,"Philippa Lyall",philippa.lyall@facebook.com
1366969029,"Gail Storey",gail.storey.52@facebook.com
100000842140080,"Helen Antonia",helen.antoniag@facebook.com
100002063991208,"Iain Sinclair",iain.sinclair.566@facebook.com
100001148944406,"Mumma Trish",mtrish1@facebook.com
1051045432,"Riet Vanslembrouck",riet.vanslembrouck@facebook.com
1355797890,"Berni Etheridge",berni.etheridge1@facebook.com
100000276063987,"Carl Graham Harris",Monyhull@facebook.com
1125670037,"Anne Gordon",anne.gordon.355@facebook.com
1645125849,"Tracy Bonfield",tracy.bonfield@facebook.com
100000178154099,"Carol Barskanmay",carol.barskanmay@facebook.com
100001171193577,"Karen Chalmers",karen.chalmers.1848@facebook.com
744071438,"Donna B King",donna.b.king.54@facebook.com
100001085559402,"Caroline Mcdaniel-magee",caroline.mcdanielmagee@facebook.com
526033393,"Paul Newman",PNewm@facebook.com
1451454848,"Jane Asher",jane.asher.73@facebook.com
735220326,"Colin At Breckons Embroidery",breckons.embroidery@facebook.com
100001558154876,"Darren Whitehouse",darren.whitehouse.524@facebook.com
613182876,"Linda Bennett",carolinezitamarie@facebook.com
100000007132612,"Alan Bullion",alan.bullion@facebook.com
1548134190,"Tim Claxton",tim.claxton@facebook.com
1069336455,"Barbara Hall",barbara.hall.182@facebook.com
100001638454804,"Zhabiyan Wahyu Setya Putra",ZhabiyanWahyu87@facebook.com
572033399,"Sibel Özdilek Akkol",sibel.akkol@facebook.com
100003999665893,"Pietro Nero Cestari",pietronero.cestari@facebook.com
100001934801807,"Andrew Devaney",adevaney3@facebook.com
658257556,"Vicki Airs",vicki.airs@facebook.com
662032206,"Azmi Terzi",azmi.terzi.1@facebook.com
629129223,"Nick Jenkins",nicksjenkins@facebook.com
1133517793,"Robert A Bob Johnson",robert.a.johnson.319@facebook.com
100000113531882,"Joy Joseph",joy.joseph.7146@facebook.com
625035507,"Karen Peters Schinke",karen.schinke@facebook.com
100000527805947,"Annalisa Rossi",annalisa.rossi.7731247@facebook.com
711406873,"Ian Ritchie",iancritchie@facebook.com
712116995,"Caroline Coxon",caroline.coxon1@facebook.com
610985438,"Martin Roads",martin.roads.9@facebook.com
100001270308594,"Zlata Valčić",zlata.valcic@facebook.com
100002756425683,"Will Fraser",will.fraser.397@facebook.com
100000969894739,"Dean Our Henry Pickering",dean.o.pickering@facebook.com
1613806292,"Val Middleton",val.middleton1@facebook.com
1175515424,"Jackie Thompson",jackie.thompson.104@facebook.com
544254228,"Elizabeth Happer",elizabeth.happer@facebook.com
1607569913,"Alan Gregory",alan.gregory.944023@facebook.com
793359037,"Samim Er",samim.er.338@facebook.com
590354685,"Vanessa Hyde",Vanessa.MA.Hyde@facebook.com
100002625761570,"Rajinder Singh Kalsi",rajindersingh.kalsi1@facebook.com
632740670,"Mike Cooke",mike.cooke.1238@facebook.com
1563252562,"Angela Carla Desimoni",angela.c.desimoni@facebook.com
1166822436,"Brenda McGowan",brenda.mcgowan.5@facebook.com
628471751,"Carole Venecourt",carole.venecourt.3@facebook.com
1061147637,"Roy Baker",robroyofthehighlands@facebook.com
1012387357,"Steve Mason",steve.mason.10420@facebook.com
1507921241,"Anne Coetzer",thysanna@facebook.com
657937187,"Nick Ambrose",nicholas.ambrose.98@facebook.com
1548824295,"Charles Weeks",charles.weeks.397@facebook.com
100000372714313,"Lynda Condie",lynda.condie1@facebook.com
1241171479,"Judith Ashton",judith.ashton.3@facebook.com
689698693,"Thea Druce",thea.druce@facebook.com
587429719,"Miriam Pirotta",miriam.pirotta@facebook.com
567298291,"Jean Parkes",jean.parkes.7@facebook.com
1154358122,"Joyce Williams",joyce.williams.585@facebook.com
1500555327,"Jayne Kavanagh",jayne.kavanagh2@facebook.com
1394776154,"Ceteroni Cristiana",ceteroni.cristiana@facebook.com
1471625142,"Jackie Shapland",jackie.shapland@facebook.com
1088918012,"Karen Rogers",krogerslesgets@facebook.com
100000463797934,"Sandi Jordan",sandi.jordan.961@facebook.com
1248452704,"Mark Wood",mark.wood.7923030@facebook.com
100001388556974,"Dee Burton",dee.burton.18@facebook.com
541417230,"Alison James",alison.james.148@facebook.com
661206494,"Simon Fraser",simonfraser999@facebook.com
1162586545,"Jo Barker",jo.barker.547@facebook.com
520763534,"Sarah Naylor",sarah.naylor.104@facebook.com
1041414213,"Tracey Crich",tracey.crich@facebook.com
579877631,"Berna Schouten",berna.schouten.7@facebook.com
1539002406,"Jane Mary Claire McLaughlin",jane.m.mclaughlin.3@facebook.com
1065312477,"Claire Kitay",ckitay@facebook.com
100000178759672,"Biff Diggerence",biff.diggerence@facebook.com
1359493492,"Andy Grigg",andy.grigg.71@facebook.com
1084781129,"Clare Baxter",clare.baxter1@facebook.com
1265361198,"John Butler",john.butler.18062@facebook.com
667449950,"Nikki Moerman",nikki.moerman@facebook.com
787884789,"Paul Bates",paul.bates.1422@facebook.com
701119196,"Murat Gökçek",murat.gokcek.562@facebook.com
100000269449504,"Kirstie Rhodes Sidebotham",kirstie.sidebotham@facebook.com
1066717606,"Ali Browning",ali.browning@facebook.com
699287227,"Chris Stubbs",chris.stubbs.14@facebook.com
1429454591,"Marit Anne Kausland",maritkausland@facebook.com
689291028,"Louisa Flower",louisa.flower@facebook.com
1169486589,"Allison Chownsmith",allison.chownsmith@facebook.com
1716320731,"Letizia Muni",letizia.muni.1@facebook.com
100000507461364,"Margaret Mills",margaret.mills.10@facebook.com
1654222934,"Jane Tibbetts",jane.tibbetts.37@facebook.com
100003467607384,"Yasemin Öğretmen",yasemin.ogretmen@facebook.com
587646260,"Bob Harder",bob.harder.71@facebook.com
100000964682021,"Tony Umpalumpa Watson",tonyumpalumpawatson@facebook.com
1076695520,"John Howard Boarder",john.boarder@facebook.com
100001383754398,"Владимир Дубровский",petlenta@facebook.com
100001723800089,"David Paternoster",david.paternoster.7@facebook.com
1576023857,"Domenico Capezzuto",domenico.capezzuto@facebook.com
1257085185,"Lynda Hogan",lyndajeanhogan@facebook.com
100001920278150,"Liliana Boni",liliana.boni.1@facebook.com
631176303,"Jon Connolly",jon.connolly.14@facebook.com
610382070,"Christine Carswell",christine.carswell.7@facebook.com
100002264435574,"Jez Wadd",jez.wadd@facebook.com
1651542925,"Muriel Henderson",muriel.henderson1@facebook.com
775096101,"Brian Hugh Banwell",brian.h.banwell@facebook.com
1629767981,"Clare Quantrill",clare.quantrill@facebook.com
100001758289532,"Rupert Fawdry",rupert.fawdry@facebook.com
100004421503123,"Robert Holmes",robert.holmes.9404@facebook.com
100000574789738,"Hüseyin Taban",huseyin.taban.545@facebook.com
100000190968294,"Ashley Watson",ashley.watson.10004694@facebook.com
1625362537,"Asun Rubio",asun.rubio.7@facebook.com
1581780621,"Brian Connolly",brian.connolly.505@facebook.com
845669916,"Lee Bamford Deane",leebdeane@facebook.com
100001721500122,"Alastair Crabb",alastair.crabb.9@facebook.com
100001560679402,"David Partington",david.partington.1422@facebook.com
100005808729118,"Shafeeqah Arenson",shafeeqag.arenson@facebook.com
100000286264011,"Darek Filip",darek.filip.56@facebook.com
1263355514,"Paulo Vaz Ferreira",paulovazferreira@facebook.com
100001182033825,"James Aitken",james.aitken.507@facebook.com
814147575,"Roberta MacRae",roberta.macrae1@facebook.com
100000064370153,"Indira Radiance",indira.radiance@facebook.com
1618861871,"James Carter-Birkinshaw",james.carterbirkinshaw@facebook.com
1415257899,"Jill Harden",jill.harden.9@facebook.com
100000651640872,"Susan Elisabeth Davey",susanelisabeth.davey@facebook.com
100006004263449,"Housesitters Gillian Bill Piper",Bill.Gillian.Piper@facebook.com
100001806189573,"Barry Gunton",barry.gunton@facebook.com
533002264,"Elizabeth Tennet",elizabeth.tennet@facebook.com
100001294669051,"Paul Lu",paul.lu.98@facebook.com
636885616,"Tina Lawrence Pinkstone Stockwell",tina.lawrencepinkstone@facebook.com
662559771,"Dona Diani",dona.diani@facebook.com
708853713,"Katherine J Barbour",katherine.barbour.5@facebook.com
1474044232,"Sam Gore",sam.gore.16@facebook.com
100004181107562,"Christine Barnfield",christine.barnfield.3@facebook.com
100000454402237,"Tito Sapetin",tsapetin@facebook.com
1573471187,"Robert Jones",robert.jones.351@facebook.com
553435195,"Susannah Brown",susannah.brown.5@facebook.com
100001267963613,"Laura LeeHolidays",lauraleeholidays@facebook.com
723908452,"Patricia Shapiro",patricia.shapiro@facebook.com
100000412284671,"Lorenzo Capella",lorenzo.capella.16@facebook.com
100001667232303,"Karen Wattleworth",karen.wattleworth@facebook.com
100000477553908,"Vincent Perkins",vincent.perkins.98@facebook.com
100002057614384,"Sibiryak Allianz",sibiryak.all@facebook.com
1102748693,"Robert Theobald",robert.theobald.16@facebook.com
1736541582,"Jason Tan Peia Lam",tanpeialam@facebook.com
100001038951086,"Trevor Richardson",trevor.richardson.7739@facebook.com
100000461910191,"Jean Claude Quatorze",jeanclaude.quatorze@facebook.com
100000098679405,"Sarah Swayne",sarah.swayne.9@facebook.com
589200858,"Stephanie Barlow",stephanie.barlow.165@facebook.com
646842632,"Peter Gilheany",peter.gilheany@facebook.com
100001090047185,"Marie Murphy",MarieMurphyHomeLink@facebook.com
1298449238,"Steve Teal",steve.teal.52@facebook.com
1735826918,"Valeria Hodgkinson",wedding4oto@facebook.com
100001938656483,"Apartment-Casa Vacanze Aquarium Marsala",Casavacanze.Aquarium.Marsala@facebook.com
1335280653,"Dave Wiltshire",dave.wiltshire.16@facebook.com
100000614490825,"Carolyn Lewis",carolyn.lewis.7967@facebook.com
100001120154444,"Jay Chauhan",nazmulamine@facebook.com
754456418,"Lisa Goodwin",lisa.goodwin.9634@facebook.com
1248361632,"Sarah Blake",sarah.blake.180072@facebook.com
100001393044601,"Lucinda Newall",lucinda.newall@facebook.com
100001927820918,"Laura Dossena",elledi21@facebook.com
100002925545821,"Stephan Klisch",stephan.klisch.1@facebook.com
100002884961621,"Eric Irvine",eric.irvine.773@facebook.com
100004310471874,"Architetti-Freelance Venezia",architettifreelance.venezia@facebook.com
100003076148442,"Francisco Moreira",francisco.moreira.397@facebook.com
621386534,"Andrew Stapley",andrew.stapley.3@facebook.com
1657956973,"Jack Graber",jack.graber.393@facebook.com
100000015205199,"HomeLink Canada",homelink.canada@facebook.com
100004303871115,"Martin Judd",martin.judd.92@facebook.com
1026319459,"Ersan Tasli",ersan.tasli@facebook.com
100000170406502,"Andrea Price",andrea.price.16547@facebook.com
100003962428143,"Giulia Misspink",giulia.misspink.5@facebook.com
100001153858182,"Manfred Lypold",homelink.deutschland@facebook.com
100006649237590,"Club Del Sol Mazatlan",clubdelsol.mazatlan@facebook.com
100000104507162,"Alun Davies",alun.davies.792@facebook.com
757044403,"Pradeep Mehta",Prad7@facebook.com
100003103217151,"Renee Kirkenier",reneekirkenier@facebook.com
100004754224858,"Pajor Gabor",pajor.gabor.35@facebook.com
100006362132374,"Les Wilson",les.wilson.90260@facebook.com
100002396190551,"Tişort Tasarım",tisort.tasarim@facebook.com
100002656543522,"Claire Charraud",melia.elfleda@facebook.com
100002424246025,"CaptMohab Abou-Elkawam",captmohab.abouelkawam@facebook.com
100005314242872,"Milly Rossolimone",milly.rossolimone@facebook.com
100006256053272,"Location Eljadida",location.eljadida.98@facebook.com
100002795252225,"Lisa Dowling",lisa.dowling.777@facebook.com
100003570371133,"Larisa  Koroleva",larisa.koroleva.311@facebook.com
100002428099905,"Caroline Connolly",caroline.connolly.547@facebook.com
100006116051750,"Anna Migliaccio",anna.migliaccio.1276@facebook.com
100002854437380,"Darren Mackenzie-Watson",darren.mackenziewatson@facebook.com
100001715145353,"Shafnaz Ali Kadar",firnas.streetburner@facebook.com
100003782421539,"Staycation Caravans",StaycationCaravans.UK@facebook.com
100005047352721,"Mill Dollar",mill.dollar.3@facebook.com
100003289003937,"Moroccoholidays Lonelymorocco",moroccoholidays.lonelymorocco@facebook.com
100000316077431,"Dave Charlton Trotter",dave.c.trotter@facebook.com
1311717454,"Alan Pack",alan.pack.319@facebook.com
100002883829938,"Michelle Evans",profile.php@facebook.com
1192014114,"Valerie Martin",homelink.newzealand@facebook.com
100002884807631,"Jj RO",j2012x@facebook.com
1630609526,"Princess Melanie Ann Knight",princessmelanieann.knight@facebook.com
1039994366,"Jonathan Browning",jonathan.browning.520@facebook.com
100005189653882,"Home Link",home.link.16@facebook.com
653405875,"Jace Shinedown Mark",metalheaduk@facebook.com